{"loss":{"0":1.4385513067,"1":1.4284636974,"2":1.4308047295,"3":1.4219827652,"4":1.4228641987,"5":1.4337674379,"6":1.4211300611,"7":1.4208911657,"8":1.4268803596,"9":1.416970849,"10":1.43995893,"11":1.4437744617,"12":1.4222303629,"13":1.4219294786,"14":1.4249651432,"15":1.4775938988,"16":1.4260811806,"17":1.4277507067,"18":1.4193844795,"19":1.4344129562,"20":1.4177832603,"21":1.4199612141,"22":1.4256292582,"23":1.4401388168,"24":1.4131842852,"25":1.4194165468,"26":1.4141588211,"27":1.4188752174,"28":1.4148789644,"29":1.4148173332,"30":1.4168567657,"31":1.4169869423,"32":1.4267004728,"33":1.4122333527,"34":1.4283108711,"35":1.4127327204,"36":1.4178581238,"37":1.4166166782,"38":1.4151284695,"39":1.423109889,"40":1.4092590809,"41":1.4300844669,"42":1.4153722525,"43":1.4181380272,"44":1.4125603437,"45":1.4149981737,"46":1.4200576544,"47":1.4123262167,"48":1.4109036922,"49":1.4079630375,"50":1.4081947803,"51":1.4118671417,"52":1.4071521759,"53":1.4067491293,"54":1.4093397856,"55":1.4064503908,"56":1.4117352962,"57":1.41063416,"58":1.4056448936,"59":1.4058977365,"60":1.4045200348,"61":1.4038603306,"62":1.4006326199,"63":1.3992034197,"64":1.4147224426,"65":1.4011059999,"66":1.3985735178,"67":1.3968260288,"68":1.4033550024,"69":1.4015240669,"70":1.3904227018,"71":1.4013653994,"72":1.3995732069,"73":1.3987138271,"74":1.3940727711,"75":1.3978846073,"76":1.3968052864,"77":1.3924180269,"78":1.3894988298,"79":1.3996739388,"80":1.3973238468,"81":1.3996982574,"82":1.394913435,"83":1.3959739208,"84":1.392316103,"85":1.3870569468,"86":1.3923425674,"87":1.3940490484,"88":1.3985623121,"89":1.3898556232,"90":1.3851135969,"91":1.3882235289,"92":1.389709115,"93":1.3885376453,"94":1.3886643648,"95":1.3878542185,"96":1.3864946365,"97":1.3814727068,"98":1.3908165693},"accuracy":{"0":0.4632500112,"1":0.4656249881,"2":0.4648541808,"3":0.4672291577,"4":0.4666875005,"5":0.4631874859,"6":0.4677500129,"7":0.4663124979,"8":0.4662291706,"9":0.4680624902,"10":0.4605208337,"11":0.4588541687,"12":0.4661041796,"13":0.466416657,"14":0.465062499,"15":0.4491666555,"16":0.4656041563,"17":0.4642499983,"18":0.469645828,"19":0.4632916749,"20":0.4674375057,"21":0.4683541656,"22":0.4644791782,"23":0.462041676,"24":0.4700208306,"25":0.4676874876,"26":0.4684374928,"27":0.4677500129,"28":0.4679374993,"29":0.4697708189,"30":0.4683333337,"31":0.4673125148,"32":0.4643541574,"33":0.4682708383,"34":0.463958323,"35":0.4698333442,"36":0.4677916765,"37":0.4689791799,"38":0.4673541784,"39":0.4647291601,"40":0.4709999859,"41":0.4629166722,"42":0.4683958292,"43":0.4647291601,"44":0.4698125124,"45":0.4681249857,"46":0.4652916789,"47":0.4702916741,"48":0.4691041708,"49":0.4695833325,"50":0.4692708254,"51":0.4668958187,"52":0.4701874852,"53":0.4695625007,"54":0.4679166675,"55":0.4689374864,"56":0.4671249986,"57":0.4659374952,"58":0.4702083468,"59":0.4686666727,"60":0.4690416753,"61":0.4707291722,"62":0.4710625112,"63":0.4710416794,"64":0.4650208354,"65":0.4703750014,"66":0.4690416753,"67":0.4729583263,"68":0.4686458409,"69":0.4687916636,"70":0.4737291634,"71":0.4705833197,"72":0.4691041708,"73":0.4703750014,"74":0.4717083275,"75":0.4692083299,"76":0.4697499871,"77":0.4719166756,"78":0.4725208282,"79":0.4695000052,"80":0.4697083235,"81":0.4667291641,"82":0.4704374969,"83":0.4700416625,"84":0.4712499976,"85":0.4750416577,"86":0.4708958268,"87":0.4695833325,"88":0.467645824,"89":0.4706875086,"90":0.4722500145,"91":0.4732500017,"92":0.4715000093,"93":0.4716666639,"94":0.4724999964,"95":0.472104162,"96":0.4726249874,"97":0.4726249874,"98":0.4708333313},"val_loss":{"0":1.3953963518,"1":1.3938055038,"2":1.3977839947,"3":1.3910719156,"4":1.4311715364,"5":1.395003438,"6":1.4069720507,"7":1.393212676,"8":1.3957767487,"9":1.3912642002,"10":1.3923879862,"11":1.3955016136,"12":1.3888554573,"13":1.387668252,"14":1.400916338,"15":1.4191039801,"16":1.3913027048,"17":1.4108958244,"18":1.3912621737,"19":1.3950146437,"20":1.3972684145,"21":1.3937612772,"22":1.5294746161,"23":1.3908102512,"24":1.4049504995,"25":1.3863637447,"26":1.3836601973,"27":1.3829823732,"28":1.3942223787,"29":1.3819737434,"30":1.4055036306,"31":1.4651716948,"32":1.3815088272,"33":1.4101728201,"34":1.3851149082,"35":1.4051308632,"36":1.4297155142,"37":1.4089372158,"38":1.3890960217,"39":1.3972225189,"40":1.3782031536,"41":1.3916684389,"42":1.3862038851,"43":1.3750276566,"44":1.4050217867,"45":1.414686203,"46":1.3838158846,"47":1.4078061581,"48":1.401445508,"49":1.3709185123,"50":1.3719518185,"51":1.4030631781,"52":1.3742791414,"53":1.3786082268,"54":1.3755191565,"55":1.4169230461,"56":1.3743118048,"57":1.3711053133,"58":1.3725907803,"59":1.3669544458,"60":1.3743959665,"61":1.3729029894,"62":1.3836109638,"63":1.3668721914,"64":1.3851886988,"65":1.3778774738,"66":1.3726775646,"67":1.3809033632,"68":1.3681510687,"69":1.371769309,"70":1.3648095131,"71":1.3835066557,"72":1.4116848707,"73":1.3592412472,"74":1.3727926016,"75":1.3656443357,"76":1.369399786,"77":1.3633065224,"78":1.3629090786,"79":1.3564785719,"80":1.3693611622,"81":1.3588490486,"82":1.3591127396,"83":1.3598664999,"84":1.3605173826,"85":1.3509670496,"86":1.3589744568,"87":1.3907099962,"88":1.3556134701,"89":1.369487524,"90":1.3552829027,"91":1.364662528,"92":1.408695817,"93":1.3562221527,"94":1.3607722521,"95":1.3541346788,"96":1.3490786552,"97":1.3533284664,"98":1.3550157547},"val_accuracy":{"0":0.4735000134,"1":0.4735000134,"2":0.4739166796,"3":0.4754999876,"4":0.451333344,"5":0.4737499952,"6":0.4684999883,"7":0.4765000045,"8":0.4742499888,"9":0.4771666527,"10":0.4741666615,"11":0.4737499952,"12":0.4770833254,"13":0.4769999981,"14":0.4696666598,"15":0.4604166746,"16":0.4740833342,"17":0.4634999931,"18":0.4734166563,"19":0.4729166627,"20":0.4686666727,"21":0.4714166522,"22":0.4386666715,"23":0.4740833342,"24":0.4653333426,"25":0.4765000045,"26":0.4763333201,"27":0.4785000086,"28":0.4699999988,"29":0.4784166813,"30":0.4652499855,"31":0.4395833313,"32":0.4784166813,"33":0.4677500129,"34":0.4771666527,"35":0.4693333209,"36":0.4550000131,"37":0.4625833333,"38":0.4736666679,"39":0.466416657,"40":0.477666676,"41":0.4695000052,"42":0.474999994,"43":0.4807499945,"44":0.4713333249,"45":0.4584999979,"46":0.4764166772,"47":0.4607500136,"48":0.4703333378,"49":0.4814999998,"50":0.4785000086,"51":0.4723333418,"52":0.4793333411,"53":0.4772500098,"54":0.4801666737,"55":0.4582499862,"56":0.4788333476,"57":0.479916662,"58":0.4761666656,"59":0.4785000086,"60":0.4785000086,"61":0.4788333476,"62":0.4587500095,"63":0.4806666672,"64":0.4722500145,"65":0.4726666808,"66":0.4781666696,"67":0.4770833254,"68":0.4765833318,"69":0.4786666632,"70":0.4774999917,"71":0.4684999883,"72":0.4564999938,"73":0.482583344,"74":0.4794166684,"75":0.4810833335,"76":0.4728333354,"77":0.4784166813,"78":0.476000011,"79":0.4827499986,"80":0.4759166539,"81":0.4820833206,"82":0.4828333259,"83":0.4818333387,"84":0.4772500098,"85":0.4849166572,"86":0.4829166532,"87":0.4557499886,"88":0.4823333323,"89":0.4787499905,"90":0.4828333259,"91":0.4777500033,"92":0.4544999897,"93":0.4816666543,"94":0.4762499928,"95":0.4808333218,"96":0.4844166636,"97":0.4792500138,"98":0.4800833464}}