{"loss":{"0":2.1891400814,"1":2.0672645569,"2":2.0346820354,"3":2.0222609043,"4":2.0185954571,"5":2.0142810345,"6":2.0072245598,"7":1.9980379343,"8":1.9366543293,"9":1.8344435692,"10":1.7713327408,"11":1.7386482954,"12":1.7222263813,"13":1.7063397169,"14":1.6999179125,"15":1.691052556,"16":1.6877174377,"17":1.680932641,"18":1.675531745,"19":1.6716499329,"20":1.6657595634,"21":1.6631768942,"22":1.6570880413,"23":1.6545985937,"24":1.6490550041,"25":1.645689249,"26":1.6379011869,"27":1.6343553066,"28":1.6316533089,"29":1.6255676746,"30":1.621268034,"31":1.6147813797,"32":1.6096993685,"33":1.6102309227,"34":1.60556674,"35":1.6025449038,"36":1.5981553793,"37":1.5960861444,"38":1.5953128338,"39":1.5914446115,"40":1.5873626471,"41":1.5840502977,"42":1.5826450586,"43":1.576431036,"44":1.5746504068,"45":1.5703164339,"46":1.5605353117,"47":1.5551959276,"48":1.5467664003,"49":1.5353387594,"50":1.5227684975,"51":1.5059145689,"52":1.4902291298,"53":1.5032788515,"54":1.4752753973,"55":1.4535856247,"56":1.4470369816,"57":1.4404296875,"58":1.4291803837,"59":1.414051652,"60":1.4090679884,"61":1.4037448168,"62":1.4086526632,"63":1.390745163,"64":1.3894023895,"65":1.3799293041,"66":1.3762708902,"67":1.3798205853,"68":1.3684060574,"69":1.3611345291,"70":1.3597564697,"71":1.3573081493,"72":1.3560605049,"73":1.352029562,"74":1.3423808813,"75":1.3407958746,"76":1.3430867195,"77":1.3370798826,"78":1.3339761496,"79":1.3363628387,"80":1.3330540657,"81":1.3301746845,"82":1.3287782669,"83":1.3258827925,"84":1.3177012205,"85":1.325301528,"86":1.3147470951,"87":1.3154718876,"88":1.3151538372,"89":1.3081041574,"90":1.3114204407,"91":1.3126089573,"92":1.3090832233,"93":1.3085163832,"94":1.2991985083,"95":1.304787159,"96":1.2968635559,"97":1.29403162,"98":1.3004523516,"99":1.2941042185},"accuracy":{"0":0.1996250004,"1":0.222437501,"2":0.2323333323,"3":0.2329999954,"4":0.2389374971,"5":0.2532916665,"6":0.2645833194,"7":0.2660416663,"8":0.2874791622,"9":0.3386250138,"10":0.3596666753,"11":0.3701458275,"12":0.3736875057,"13":0.3816249967,"14":0.3844166696,"15":0.3873125017,"16":0.386166662,"17":0.3896041811,"18":0.3908541799,"19":0.3910208344,"20":0.3928124905,"21":0.3951874971,"22":0.3967916667,"23":0.3979583383,"24":0.3988125026,"25":0.4001874924,"26":0.4027916789,"27":0.402895838,"28":0.4054791629,"29":0.4062083364,"30":0.4086875021,"31":0.4099166691,"32":0.4136458337,"33":0.4139791727,"34":0.4152500033,"35":0.416520834,"36":0.4191666543,"37":0.4211666584,"38":0.4211874902,"39":0.4216249883,"40":0.4220624864,"41":0.4240208268,"42":0.4263958335,"43":0.4289166629,"44":0.4290833473,"45":0.4293958247,"46":0.4334791601,"47":0.4362291694,"48":0.4361250103,"49":0.4414166808,"50":0.4444999993,"51":0.4518125057,"52":0.4561874866,"53":0.4506250024,"54":0.4602916539,"55":0.467187494,"56":0.4676874876,"57":0.4682083428,"58":0.4712916613,"59":0.4752291739,"60":0.4741458297,"61":0.475895822,"62":0.4756250083,"63":0.4782708287,"64":0.4778958261,"65":0.4800416529,"66":0.4823749959,"67":0.4806458354,"68":0.4834583402,"69":0.4853749871,"70":0.4850625098,"71":0.4859166741,"72":0.4855625033,"73":0.4868125021,"74":0.489166677,"75":0.490062505,"76":0.4883958399,"77":0.4897916615,"78":0.4917500019,"79":0.4914999902,"80":0.4910416603,"81":0.4924166799,"82":0.492749989,"83":0.4926249981,"84":0.4969375134,"85":0.4937291741,"86":0.4961666763,"87":0.4961250126,"88":0.4965625107,"89":0.4988333285,"90":0.4974166751,"91":0.4973124862,"92":0.4986250103,"93":0.4974791706,"94":0.5021874905,"95":0.4999375045,"96":0.501916647,"97":0.5020624995,"98":0.5007291436,"99":0.5028125048},"val_loss":{"0":2.0989003181,"1":2.0301952362,"2":2.0101420879,"3":2.0013039112,"4":2.0039615631,"5":1.988740921,"6":1.9863349199,"7":1.9738262892,"8":1.8585909605,"9":1.7780393362,"10":1.7292833328,"11":1.7021741867,"12":1.7037539482,"13":1.6751583815,"14":1.6677166224,"15":1.6600193977,"16":1.6566268206,"17":1.6580058336,"18":1.6462078094,"19":1.6493475437,"20":1.6414616108,"21":1.6366840601,"22":1.6262177229,"23":1.6274820566,"24":1.6326618195,"25":1.61348629,"26":1.6170963049,"27":1.617005229,"28":1.6105275154,"29":1.5955458879,"30":1.5990439653,"31":1.5855344534,"32":1.5855174065,"33":1.5927848816,"34":1.5973293781,"35":1.5833727121,"36":1.569633007,"37":1.5694416761,"38":1.5691707134,"39":1.5663689375,"40":1.5569512844,"41":1.5576673746,"42":1.5550675392,"43":1.5538169146,"44":1.5491746664,"45":1.5369869471,"46":1.5301557779,"47":1.5301656723,"48":1.5102138519,"49":1.4971051216,"50":1.4768695831,"51":1.4634128809,"52":1.4754776955,"53":1.4609339237,"54":1.4328997135,"55":1.4146456718,"56":1.40741992,"57":1.3994158506,"58":1.3872944117,"59":1.3902748823,"60":1.3756917715,"61":1.3721352816,"62":1.3581447601,"63":1.3582829237,"64":1.3894677162,"65":1.3519045115,"66":1.3498430252,"67":1.3417608738,"68":1.3309391737,"69":1.3350704908,"70":1.3244891167,"71":1.3309975863,"72":1.3140021563,"73":1.3166718483,"74":1.3117589951,"75":1.3036729097,"76":1.3072162867,"77":1.3083443642,"78":1.3054240942,"79":1.3048758507,"80":1.2952848673,"81":1.3380337954,"82":1.3205689192,"83":1.2912774086,"84":1.2895600796,"85":1.2819952965,"86":1.2988743782,"87":1.2825732231,"88":1.2997279167,"89":1.2975312471,"90":1.2805459499,"91":1.2929990292,"92":1.3070065975,"93":1.2716716528,"94":1.2715337276,"95":1.272531271,"96":1.2699733973,"97":1.2682991028,"98":1.2587769032,"99":1.2642967701},"val_accuracy":{"0":0.2305833399,"1":0.229916662,"2":0.2372500002,"3":0.2498333305,"4":0.2546666563,"5":0.2707499862,"6":0.2708333433,"7":0.2698333263,"8":0.3280000091,"9":0.3581666648,"10":0.3702499866,"11":0.3857499957,"12":0.3814166784,"13":0.3953333199,"14":0.3985833228,"15":0.4015833437,"16":0.3966666758,"17":0.3964999914,"18":0.4045833349,"19":0.4040833414,"20":0.4020833373,"21":0.4020833373,"22":0.4084999859,"23":0.40625,"24":0.4057500064,"25":0.4115833342,"26":0.4114166796,"27":0.4071666598,"28":0.4137499928,"29":0.4149166644,"30":0.4173333347,"31":0.4230000079,"32":0.4229166806,"33":0.417083323,"34":0.4173333347,"35":0.4258333445,"36":0.4297499955,"37":0.4336666763,"38":0.4344166815,"39":0.4365000129,"40":0.4402500093,"41":0.4376666546,"42":0.4399999976,"43":0.4435000122,"44":0.4469166696,"45":0.4467499852,"46":0.4518333375,"47":0.450666666,"48":0.451000005,"49":0.4619166553,"50":0.4679166675,"51":0.4703333378,"52":0.4639999866,"53":0.4676666558,"54":0.4796666801,"55":0.4801666737,"56":0.4833333194,"57":0.4830000103,"58":0.484166652,"59":0.482583344,"60":0.4875000119,"61":0.4887500107,"62":0.4930000007,"63":0.4902499914,"64":0.481916666,"65":0.4903333187,"66":0.4925833344,"67":0.4912500083,"68":0.4947499931,"69":0.4962500036,"70":0.4948333204,"71":0.4930000007,"72":0.4959166646,"73":0.4962500036,"74":0.500666678,"75":0.5015000105,"76":0.499666661,"77":0.5012500286,"78":0.5011666417,"79":0.5005833507,"80":0.5024999976,"81":0.4907500148,"82":0.4975833297,"83":0.5038333535,"84":0.5034999847,"85":0.5076666474,"86":0.5034166574,"87":0.5075833201,"88":0.5019999743,"89":0.5051666498,"90":0.5076666474,"91":0.5061666369,"92":0.501916647,"93":0.5090000033,"94":0.5105000138,"95":0.5093333125,"96":0.5124999881,"97":0.5114166737,"98":0.5109166503,"99":0.5120833516}}