{"loss":{"0":22.1974639893,"1":3.6560091972,"2":2.7294919491,"3":2.3345808983,"4":2.1139204502,"5":1.9715543985,"6":1.8669291735,"7":1.7816956043,"8":1.6872303486,"9":1.5697953701,"10":1.5201994181,"11":1.5024044514,"12":1.4596699476,"13":1.4276189804,"14":1.3906956911,"15":1.2954589128,"16":1.2641259432,"17":1.2075015306,"18":1.1702281237,"19":1.1684464216,"20":1.1532773972,"21":1.1301772594,"22":1.1504569054,"23":1.103993535,"24":1.0989367962,"25":1.0151869059,"26":1.0240982771,"27":1.0346798897,"28":1.1313432455,"29":1.05674541,"30":1.0259110928,"31":1.1287667751},"accuracy":{"0":0.1304374933,"1":0.1623750031,"2":0.2101041675,"3":0.2519791722,"4":0.2912916541,"5":0.3224999905,"6":0.3542916775,"7":0.389729172,"8":0.4286666811,"9":0.4595208466,"10":0.4737083316,"11":0.4845416546,"12":0.5022083521,"13":0.5220208168,"14":0.5429375172,"15":0.5853541493,"16":0.5996249914,"17":0.6222500205,"18":0.63349998,"19":0.6318541765,"20":0.6331874728,"21":0.6397500038,"22":0.6307916641,"23":0.6468541622,"24":0.6462916732,"25":0.6731458306,"26":0.6674791574,"27":0.6643541455,"28":0.6293749809,"29":0.6570208073,"30":0.6682708263,"31":0.6309791803},"val_loss":{"0":4.5625052452,"1":3.0317585468,"2":2.4612424374,"3":2.1685912609,"4":1.9855769873,"5":1.8603435755,"6":1.7668642998,"7":1.6804249287,"8":1.5543934107,"9":1.455950737,"10":1.4411531687,"11":1.4211070538,"12":1.374601841,"13":1.3275568485,"14":1.2644213438,"15":1.220236659,"16":1.2085995674,"17":1.1148293018,"18":1.0856554508,"19":1.0955921412,"20":1.0822429657,"21":1.0502207279,"22":1.1430674791,"23":0.9192402363,"24":0.9830883741,"25":0.9421665668,"26":0.886844337,"27":0.8939113617,"28":1.2051202059,"29":0.9448257089,"30":1.0777757168,"31":0.9829636216},"val_accuracy":{"0":0.1526666731,"1":0.1995833367,"2":0.2460000068,"3":0.283583343,"4":0.3286666572,"5":0.3529999852,"6":0.3722499907,"7":0.4244166613,"8":0.4714166522,"9":0.4905000031,"10":0.4949166775,"11":0.5105833411,"12":0.5258333087,"13":0.5487499833,"14":0.5899166465,"15":0.6064166427,"16":0.5935833454,"17":0.6458333135,"18":0.6606666446,"19":0.6491666436,"20":0.6564166546,"21":0.6511666775,"22":0.6174166799,"23":0.7105833292,"24":0.6791666746,"25":0.6830000281,"26":0.716416657,"27":0.7143333554,"28":0.6055833101,"29":0.7052500248,"30":0.6449999809,"31":0.6911666393}}