{"loss":{"0":0.0011326631,"1":0.0006712831,"2":0.0006097522,"3":0.0005826401,"4":0.0005360923,"5":0.000532665,"6":0.000517282,"7":0.0005083524,"8":0.0005153867,"9":0.0004926099,"10":0.000501918,"11":0.000488157,"12":0.0004875121,"13":0.0004776592,"14":0.0004841163,"15":0.0004734502,"16":0.0004728,"17":0.0004743914,"18":0.0004773155,"19":0.0004764338,"20":0.0004748398,"21":0.0004712472,"22":0.0004672729,"23":0.0004689187,"24":0.0004608844},"mean_squared_error":{"0":0.0011326631,"1":0.0006712831,"2":0.0006097522,"3":0.0005826401,"4":0.0005360923,"5":0.000532665,"6":0.000517282,"7":0.0005083524,"8":0.0005153867,"9":0.0004926099,"10":0.000501918,"11":0.000488157,"12":0.0004875121,"13":0.0004776592,"14":0.0004841163,"15":0.0004734502,"16":0.0004728,"17":0.0004743914,"18":0.0004773155,"19":0.0004764338,"20":0.0004748398,"21":0.0004712472,"22":0.0004672729,"23":0.0004689187,"24":0.0004608844},"val_loss":{"0":0.0006501374,"1":0.0007198974,"2":0.0005367416,"3":0.0005451604,"4":0.0005023711,"5":0.0006032967,"6":0.0004514374,"7":0.0004675125,"8":0.0004439019,"9":0.0006398286,"10":0.0005031488,"11":0.0004946001,"12":0.0004335109,"13":0.0004742615,"14":0.0004685506,"15":0.0004633337,"16":0.0004532367,"17":0.0004923831,"18":0.0004337124,"19":0.00043809,"20":0.000447361,"21":0.0004770357,"22":0.0004424807,"23":0.0004845033,"24":0.0004673395},"val_mean_squared_error":{"0":0.0006501374,"1":0.0007198974,"2":0.0005367416,"3":0.0005451604,"4":0.0005023711,"5":0.0006032967,"6":0.0004514374,"7":0.0004675125,"8":0.0004439019,"9":0.0006398286,"10":0.0005031488,"11":0.0004946001,"12":0.0004335109,"13":0.0004742615,"14":0.0004685506,"15":0.0004633337,"16":0.0004532367,"17":0.0004923831,"18":0.0004337124,"19":0.00043809,"20":0.000447361,"21":0.0004770357,"22":0.0004424807,"23":0.0004845033,"24":0.0004673395}}