{"loss":{"0":0.0020386961,"1":0.0007253912,"2":0.0006344267,"3":0.0005823004,"4":0.0005688217,"5":0.0005429698,"6":0.0005384636,"7":0.0005230891,"8":0.0005118265,"9":0.0005017722,"10":0.000484447,"11":0.000491432,"12":0.0004820845,"13":0.0004719348,"14":0.0004811276,"15":0.000472154,"16":0.0004702988,"17":0.0004670627,"18":0.0004578356,"19":0.0004587953,"20":0.0004680095,"21":0.0004612855,"22":0.0004599501,"23":0.0004604806,"24":0.000464994,"25":0.0004569645,"26":0.0004545989,"27":0.0004565369,"28":0.0004503237,"29":0.0004522047,"30":0.0004500803,"31":0.0004446607},"mean_squared_error":{"0":0.0020386961,"1":0.0007253912,"2":0.0006344267,"3":0.0005823004,"4":0.0005688217,"5":0.0005429698,"6":0.0005384636,"7":0.0005230891,"8":0.0005118265,"9":0.0005017722,"10":0.000484447,"11":0.000491432,"12":0.0004820845,"13":0.0004719348,"14":0.0004811276,"15":0.000472154,"16":0.0004702988,"17":0.0004670627,"18":0.0004578356,"19":0.0004587953,"20":0.0004680095,"21":0.0004612855,"22":0.0004599501,"23":0.0004604806,"24":0.000464994,"25":0.0004569645,"26":0.0004545989,"27":0.0004565369,"28":0.0004503237,"29":0.0004522047,"30":0.0004500803,"31":0.0004446607},"val_loss":{"0":0.0016106189,"1":0.0011448979,"2":0.000927772,"3":0.0005042157,"4":0.0004968398,"5":0.000857922,"6":0.0004768718,"7":0.0005813713,"8":0.0004974259,"9":0.0006210225,"10":0.0007066361,"11":0.0004435744,"12":0.0006247231,"13":0.0008595336,"14":0.0004729505,"15":0.0005396726,"16":0.0004342707,"17":0.0004799947,"18":0.0004346396,"19":0.0005300729,"20":0.0004562325,"21":0.0004934623,"22":0.0004443777,"23":0.0004323861,"24":0.0004818442,"25":0.000548497,"26":0.0004887826,"27":0.0004443088,"28":0.000444252,"29":0.0004374842,"30":0.0005705691,"31":0.0004367684},"val_mean_squared_error":{"0":0.0016106189,"1":0.0011448979,"2":0.000927772,"3":0.0005042157,"4":0.0004968398,"5":0.000857922,"6":0.0004768718,"7":0.0005813713,"8":0.0004974259,"9":0.0006210225,"10":0.0007066361,"11":0.0004435744,"12":0.0006247231,"13":0.0008595336,"14":0.0004729505,"15":0.0005396726,"16":0.0004342707,"17":0.0004799947,"18":0.0004346396,"19":0.0005300729,"20":0.0004562325,"21":0.0004934623,"22":0.0004443777,"23":0.0004323861,"24":0.0004818442,"25":0.000548497,"26":0.0004887826,"27":0.0004443088,"28":0.000444252,"29":0.0004374842,"30":0.0005705691,"31":0.0004367684}}