{"loss":{"0":0.0019322798,"1":0.0004199321,"2":0.0002449703,"3":0.0001706023,"4":0.0001222526,"5":0.0001040833,"6":0.0000890235,"7":0.0000772282,"8":0.0000687437,"9":0.0000688667,"10":0.0000578519,"11":0.000057,"12":0.0000524293,"13":0.0000507044,"14":0.0000522639,"15":0.0000449698,"16":0.0000440915,"17":0.0000444727,"18":0.0000440717,"19":0.0000409242,"20":0.0000415789,"21":0.0000399922,"22":0.0000428553,"23":0.0000391159,"24":0.0000380878,"25":0.0000363529,"26":0.0000397323,"27":0.0000348971,"28":0.0000347578,"29":0.0000325762,"30":0.0000339369,"31":0.0000307005,"32":0.0000313888,"33":0.0000298985,"34":0.0000307657,"35":0.000028086,"36":0.0000297901,"37":0.0000268603,"38":0.0000281952,"39":0.0000259335,"40":0.0000251955,"41":0.0000269099,"42":0.0000257745,"43":0.000026656,"44":0.0000281106},"mean_squared_error":{"0":0.0019322798,"1":0.0004199321,"2":0.0002449703,"3":0.0001706023,"4":0.0001222526,"5":0.0001040833,"6":0.0000890235,"7":0.0000772282,"8":0.0000687437,"9":0.0000688667,"10":0.0000578519,"11":0.000057,"12":0.0000524293,"13":0.0000507044,"14":0.0000522639,"15":0.0000449698,"16":0.0000440915,"17":0.0000444727,"18":0.0000440717,"19":0.0000409242,"20":0.0000415789,"21":0.0000399922,"22":0.0000428553,"23":0.0000391159,"24":0.0000380878,"25":0.0000363529,"26":0.0000397323,"27":0.0000348971,"28":0.0000347578,"29":0.0000325762,"30":0.0000339369,"31":0.0000307005,"32":0.0000313888,"33":0.0000298985,"34":0.0000307657,"35":0.000028086,"36":0.0000297901,"37":0.0000268603,"38":0.0000281952,"39":0.0000259335,"40":0.0000251955,"41":0.0000269099,"42":0.0000257745,"43":0.000026656,"44":0.0000281106},"val_loss":{"0":0.0011969317,"1":0.000199891,"2":0.0002854461,"3":0.0001020186,"4":0.000238994,"5":0.0000904765,"6":0.0000523513,"7":0.000151883,"8":0.0001418039,"9":0.0000361317,"10":0.0000725849,"11":0.0000613051,"12":0.0000470101,"13":0.0000371065,"14":0.0000332467,"15":0.0000257559,"16":0.0000346782,"17":0.0000283379,"18":0.0000210196,"19":0.0000928972,"20":0.0000331666,"21":0.0000234579,"22":0.0000220065,"23":0.0000404554,"24":0.0000574874,"25":0.0000303608,"26":0.0000336963,"27":0.0000263939,"28":0.0000244249,"29":0.0000423758,"30":0.0000617092,"31":0.000024093,"32":0.0000250288,"33":0.0000164752,"34":0.0000231392,"35":0.0000337793,"36":0.0000209597,"37":0.0000175786,"38":0.0000486921,"39":0.0000150177,"40":0.0000141339,"41":0.0000319197,"42":0.0000202356,"43":0.0000191013,"44":0.0000116844},"val_mean_squared_error":{"0":0.0011969317,"1":0.000199891,"2":0.0002854461,"3":0.0001020186,"4":0.000238994,"5":0.0000904765,"6":0.0000523513,"7":0.000151883,"8":0.0001418039,"9":0.0000361317,"10":0.0000725849,"11":0.0000613051,"12":0.0000470101,"13":0.0000371065,"14":0.0000332467,"15":0.0000257559,"16":0.0000346782,"17":0.0000283379,"18":0.0000210196,"19":0.0000928972,"20":0.0000331666,"21":0.0000234579,"22":0.0000220065,"23":0.0000404554,"24":0.0000574874,"25":0.0000303608,"26":0.0000336963,"27":0.0000263939,"28":0.0000244249,"29":0.0000423758,"30":0.0000617092,"31":0.000024093,"32":0.0000250288,"33":0.0000164752,"34":0.0000231392,"35":0.0000337793,"36":0.0000209597,"37":0.0000175786,"38":0.0000486921,"39":0.0000150177,"40":0.0000141339,"41":0.0000319197,"42":0.0000202356,"43":0.0000191013,"44":0.0000116844}}