{"loss":{"0":0.0000597627,"1":0.0000601389,"2":0.0000585095,"3":0.0000523593,"4":0.0000532167,"5":0.0000474956,"6":0.0000461316,"7":0.000040667,"8":0.0000421598,"9":0.0000395893,"10":0.000043721,"11":0.0000355897,"12":0.0000378032,"13":0.0000365816,"14":0.0000339524,"15":0.0000323196,"16":0.000031519,"17":0.0000315058,"18":0.0000305267,"19":0.0000298699,"20":0.0000292116,"21":0.0000283474,"22":0.0000311075,"23":0.0000302143,"24":0.0000278007,"25":0.0000280807,"26":0.0000277431,"27":0.0000261493,"28":0.0000279654,"29":0.0000268712,"30":0.0000271714,"31":0.0000248922,"32":0.0000258659,"33":0.0000266321,"34":0.0000258949,"35":0.0000253591,"36":0.0000262792,"37":0.0000255629,"38":0.000026961,"39":0.0000257215,"40":0.000026498,"41":0.0000230236,"42":0.0000259472,"43":0.0000248529,"44":0.0000245403,"45":0.0000251649,"46":0.0000231793},"mean_squared_error":{"0":0.0000597627,"1":0.0000601389,"2":0.0000585095,"3":0.0000523593,"4":0.0000532167,"5":0.0000474956,"6":0.0000461316,"7":0.000040667,"8":0.0000421598,"9":0.0000395893,"10":0.000043721,"11":0.0000355897,"12":0.0000378032,"13":0.0000365816,"14":0.0000339524,"15":0.0000323196,"16":0.000031519,"17":0.0000315058,"18":0.0000305267,"19":0.0000298699,"20":0.0000292116,"21":0.0000283474,"22":0.0000311075,"23":0.0000302143,"24":0.0000278007,"25":0.0000280807,"26":0.0000277431,"27":0.0000261493,"28":0.0000279654,"29":0.0000268712,"30":0.0000271714,"31":0.0000248922,"32":0.0000258659,"33":0.0000266321,"34":0.0000258949,"35":0.0000253591,"36":0.0000262792,"37":0.0000255629,"38":0.000026961,"39":0.0000257215,"40":0.000026498,"41":0.0000230236,"42":0.0000259472,"43":0.0000248529,"44":0.0000245403,"45":0.0000251649,"46":0.0000231793},"val_loss":{"0":0.0000875096,"1":0.000031929,"2":0.0000466052,"3":0.0000459134,"4":0.0000382843,"5":0.0000515981,"6":0.0000282387,"7":0.0000316077,"8":0.0000360824,"9":0.0000624435,"10":0.0000152138,"11":0.0000273651,"12":0.0000331969,"13":0.000017171,"14":0.0000358621,"15":0.0000305885,"16":0.0000201902,"17":0.0000521445,"18":0.0000280226,"19":0.0000531351,"20":0.0000230815,"21":0.000019841,"22":0.0000181639,"23":0.0000354632,"24":0.0000221567,"25":0.0000290072,"26":0.0000281862,"27":0.0000278948,"28":0.000026296,"29":0.0000261341,"30":0.0000213268,"31":0.0000264128,"32":0.0000158262,"33":0.0000330298,"34":0.0000180602,"35":0.0000122506,"36":0.0000213763,"37":0.0000107804,"38":0.0000163995,"39":0.0000159119,"40":0.0000150693,"41":0.0000187822,"42":0.0000239057,"43":0.0000179313,"44":0.0000424187,"45":0.0000454047,"46":0.0000150476},"val_mean_squared_error":{"0":0.0000875096,"1":0.000031929,"2":0.0000466052,"3":0.0000459134,"4":0.0000382843,"5":0.0000515981,"6":0.0000282387,"7":0.0000316077,"8":0.0000360824,"9":0.0000624435,"10":0.0000152138,"11":0.0000273651,"12":0.0000331969,"13":0.000017171,"14":0.0000358621,"15":0.0000305885,"16":0.0000201902,"17":0.0000521445,"18":0.0000280226,"19":0.0000531351,"20":0.0000230815,"21":0.000019841,"22":0.0000181639,"23":0.0000354632,"24":0.0000221567,"25":0.0000290072,"26":0.0000281862,"27":0.0000278948,"28":0.000026296,"29":0.0000261341,"30":0.0000213268,"31":0.0000264128,"32":0.0000158262,"33":0.0000330298,"34":0.0000180602,"35":0.0000122506,"36":0.0000213763,"37":0.0000107804,"38":0.0000163995,"39":0.0000159119,"40":0.0000150693,"41":0.0000187822,"42":0.0000239057,"43":0.0000179313,"44":0.0000424187,"45":0.0000454047,"46":0.0000150476}}