{"loss":{"0":0.0000515402,"1":0.0000494125,"2":0.0000503748,"3":0.0000432007,"4":0.0000439839,"5":0.0000417774,"6":0.0000420793,"7":0.0000389119,"8":0.0000381484,"9":0.0000358891,"10":0.0000357015,"11":0.0000337688,"12":0.0000335621,"13":0.0000325655,"14":0.0000335375,"15":0.0000287692,"16":0.0000352559,"17":0.0000286081,"18":0.0000291586,"19":0.0000324516,"20":0.0000305424,"21":0.0000293245,"22":0.0000288416,"23":0.0000294316,"24":0.0000272892,"25":0.0000290688,"26":0.0000294059,"27":0.0000267843,"28":0.0000270821,"29":0.0000257371,"30":0.0000247489,"31":0.0000249071,"32":0.0000230058,"33":0.0000251035,"34":0.0000250951,"35":0.000024634,"36":0.0000236533,"37":0.0000253993,"38":0.0000247592,"39":0.0000233568,"40":0.0000245871,"41":0.0000212452,"42":0.0000227101,"43":0.0000236196},"mean_squared_error":{"0":0.0000515402,"1":0.0000494125,"2":0.0000503748,"3":0.0000432007,"4":0.0000439839,"5":0.0000417774,"6":0.0000420793,"7":0.0000389119,"8":0.0000381484,"9":0.0000358891,"10":0.0000357015,"11":0.0000337688,"12":0.0000335621,"13":0.0000325655,"14":0.0000335375,"15":0.0000287692,"16":0.0000352559,"17":0.0000286081,"18":0.0000291586,"19":0.0000324516,"20":0.0000305424,"21":0.0000293245,"22":0.0000288416,"23":0.0000294316,"24":0.0000272892,"25":0.0000290688,"26":0.0000294059,"27":0.0000267843,"28":0.0000270821,"29":0.0000257371,"30":0.0000247489,"31":0.0000249071,"32":0.0000230058,"33":0.0000251035,"34":0.0000250951,"35":0.000024634,"36":0.0000236533,"37":0.0000253993,"38":0.0000247592,"39":0.0000233568,"40":0.0000245871,"41":0.0000212452,"42":0.0000227101,"43":0.0000236196},"val_loss":{"0":0.0001030081,"1":0.0000525183,"2":0.000043964,"3":0.000066772,"4":0.000034828,"5":0.0000349782,"6":0.0000390552,"7":0.0000598088,"8":0.0000335352,"9":0.000019138,"10":0.0000196872,"11":0.0000181202,"12":0.0000198247,"13":0.0000252813,"14":0.0000311382,"15":0.0000450211,"16":0.0000197777,"17":0.00005843,"18":0.000014485,"19":0.0000203465,"20":0.0000382812,"21":0.0000221084,"22":0.0000175271,"23":0.0000146892,"24":0.000043679,"25":0.0000322064,"26":0.0000233486,"27":0.0000643856,"28":0.0000127438,"29":0.0000300795,"30":0.0000654907,"31":0.000026307,"32":0.0000164158,"33":0.0000191712,"34":0.0000166363,"35":0.000014948,"36":0.00005137,"37":0.0000262039,"38":0.0000160048,"39":0.0000209391,"40":0.0000322097,"41":0.0000297273,"42":0.0000283245,"43":0.0000182064},"val_mean_squared_error":{"0":0.0001030081,"1":0.0000525183,"2":0.000043964,"3":0.000066772,"4":0.000034828,"5":0.0000349782,"6":0.0000390552,"7":0.0000598088,"8":0.0000335352,"9":0.000019138,"10":0.0000196872,"11":0.0000181202,"12":0.0000198247,"13":0.0000252813,"14":0.0000311382,"15":0.0000450211,"16":0.0000197777,"17":0.00005843,"18":0.000014485,"19":0.0000203465,"20":0.0000382812,"21":0.0000221084,"22":0.0000175271,"23":0.0000146892,"24":0.000043679,"25":0.0000322064,"26":0.0000233486,"27":0.0000643856,"28":0.0000127438,"29":0.0000300795,"30":0.0000654907,"31":0.000026307,"32":0.0000164158,"33":0.0000191712,"34":0.0000166363,"35":0.000014948,"36":0.00005137,"37":0.0000262039,"38":0.0000160048,"39":0.0000209391,"40":0.0000322097,"41":0.0000297273,"42":0.0000283245,"43":0.0000182064}}