{"loss":{"0":0.0009554285,"1":0.0002293217,"2":0.0001609628,"3":0.0001102933,"4":0.0000874271,"5":0.0000718228,"6":0.0000678581,"7":0.0000584909,"8":0.0000508382,"9":0.0000520063,"10":0.0000444369,"11":0.0000380754,"12":0.000038255,"13":0.0000355889,"14":0.000034899,"15":0.0000350472,"16":0.0000280439,"17":0.0000313456,"18":0.0000313348,"19":0.0000302137,"20":0.0000284719,"21":0.0000283981,"22":0.0000281331,"23":0.0000240626,"24":0.0000278283,"25":0.00002247,"26":0.000024726,"27":0.0000251603,"28":0.0000241315,"29":0.0000230481,"30":0.0000226852,"31":0.0000224354,"32":0.0000205722,"33":0.0000208992,"34":0.000020412,"35":0.0000222688,"36":0.0000226199,"37":0.0000203751,"38":0.0000199898,"39":0.000022589,"40":0.0000185287,"41":0.0000211163,"42":0.0000198722,"43":0.0000191635},"mean_squared_error":{"0":0.0009554285,"1":0.0002293217,"2":0.0001609628,"3":0.0001102933,"4":0.0000874271,"5":0.0000718228,"6":0.0000678581,"7":0.0000584909,"8":0.0000508382,"9":0.0000520063,"10":0.0000444369,"11":0.0000380754,"12":0.000038255,"13":0.0000355889,"14":0.000034899,"15":0.0000350472,"16":0.0000280439,"17":0.0000313456,"18":0.0000313348,"19":0.0000302137,"20":0.0000284719,"21":0.0000283981,"22":0.0000281331,"23":0.0000240626,"24":0.0000278283,"25":0.00002247,"26":0.000024726,"27":0.0000251603,"28":0.0000241315,"29":0.0000230481,"30":0.0000226852,"31":0.0000224354,"32":0.0000205722,"33":0.0000208992,"34":0.000020412,"35":0.0000222688,"36":0.0000226199,"37":0.0000203751,"38":0.0000199898,"39":0.000022589,"40":0.0000185287,"41":0.0000211163,"42":0.0000198722,"43":0.0000191635},"val_loss":{"0":0.0004054262,"1":0.0000901663,"2":0.0001168458,"3":0.0000941907,"4":0.0000550623,"5":0.000051981,"6":0.0000389747,"7":0.0000275228,"8":0.0000532237,"9":0.0000447559,"10":0.0000571845,"11":0.000033205,"12":0.0000499593,"13":0.0000210751,"14":0.0000503382,"15":0.0000161801,"16":0.0000488755,"17":0.0000134988,"18":0.00002686,"19":0.0000208551,"20":0.0000303602,"21":0.0000171116,"22":0.0000147717,"23":0.0000163811,"24":0.0000521126,"25":0.0000150276,"26":0.0000137106,"27":0.0000392706,"28":0.0000168069,"29":0.0000239544,"30":0.0000141683,"31":0.000014341,"32":0.0000191088,"33":0.0000115972,"34":0.0000352394,"35":0.0000130671,"36":0.0000258665,"37":0.0000217837,"38":0.0000409819,"39":0.0000158796,"40":0.0000301785,"41":0.0000536531,"42":0.0000505437,"43":0.0000126106},"val_mean_squared_error":{"0":0.0004054262,"1":0.0000901663,"2":0.0001168458,"3":0.0000941907,"4":0.0000550623,"5":0.000051981,"6":0.0000389747,"7":0.0000275228,"8":0.0000532237,"9":0.0000447559,"10":0.0000571845,"11":0.000033205,"12":0.0000499593,"13":0.0000210751,"14":0.0000503382,"15":0.0000161801,"16":0.0000488755,"17":0.0000134988,"18":0.00002686,"19":0.0000208551,"20":0.0000303602,"21":0.0000171116,"22":0.0000147717,"23":0.0000163811,"24":0.0000521126,"25":0.0000150276,"26":0.0000137106,"27":0.0000392706,"28":0.0000168069,"29":0.0000239544,"30":0.0000141683,"31":0.000014341,"32":0.0000191088,"33":0.0000115972,"34":0.0000352394,"35":0.0000130671,"36":0.0000258665,"37":0.0000217837,"38":0.0000409819,"39":0.0000158796,"40":0.0000301785,"41":0.0000536531,"42":0.0000505437,"43":0.0000126106}}