{"loss":{"0":0.005910242,"1":0.0052982662,"2":0.0050306506,"3":0.0048963549,"4":0.004795406,"5":0.0047366698,"6":0.0047066319,"7":0.0047093965,"8":0.004651567,"9":0.0046600648,"10":0.004641192},"mean_squared_error":{"0":0.005910242,"1":0.0052982662,"2":0.0050306506,"3":0.0048963549,"4":0.004795406,"5":0.0047366698,"6":0.0047066319,"7":0.0047093965,"8":0.004651567,"9":0.0046600648,"10":0.004641192},"val_loss":{"0":0.006369221,"1":0.0047256644,"2":0.0046857735,"3":0.0058644977,"4":0.0045703617,"5":0.0052714259,"6":0.0045626522,"7":0.0045023351,"8":0.0059637064,"9":0.0050516743,"10":0.0045011071},"val_mean_squared_error":{"0":0.006369221,"1":0.0047256644,"2":0.0046857735,"3":0.0058644977,"4":0.0045703617,"5":0.0052714259,"6":0.0045626522,"7":0.0045023351,"8":0.0059637064,"9":0.0050516743,"10":0.0045011071}}