{"loss":{"0":0.0015931397,"1":0.0002819845,"2":0.0001737711,"3":0.0001451415,"4":0.0001034472,"5":0.0000949791,"6":0.0000762826,"7":0.0000709255,"8":0.0000644867,"9":0.0000593642,"10":0.000053951,"11":0.0000524617,"12":0.0000432204,"13":0.0000398902,"14":0.0000402205,"15":0.0000389558,"16":0.0000347753,"17":0.0000335514,"18":0.0000332122,"19":0.0000331641,"20":0.0000317733,"21":0.0000347341,"22":0.0000307243,"23":0.0000304694,"24":0.0000346682,"25":0.0000315373,"26":0.0000317834,"27":0.0000263958,"28":0.0000294756,"29":0.0000276009,"30":0.0000284566,"31":0.0000278552,"32":0.0000276922,"33":0.0000253895,"34":0.0000268428,"35":0.0000236704,"36":0.0000254064,"37":0.0000243009,"38":0.0000252184},"mean_squared_error":{"0":0.0015931397,"1":0.0002819845,"2":0.0001737711,"3":0.0001451415,"4":0.0001034472,"5":0.0000949791,"6":0.0000762826,"7":0.0000709255,"8":0.0000644867,"9":0.0000593642,"10":0.000053951,"11":0.0000524617,"12":0.0000432204,"13":0.0000398902,"14":0.0000402205,"15":0.0000389558,"16":0.0000347753,"17":0.0000335514,"18":0.0000332122,"19":0.0000331641,"20":0.0000317733,"21":0.0000347341,"22":0.0000307243,"23":0.0000304694,"24":0.0000346682,"25":0.0000315373,"26":0.0000317834,"27":0.0000263958,"28":0.0000294756,"29":0.0000276009,"30":0.0000284566,"31":0.0000278552,"32":0.0000276922,"33":0.0000253895,"34":0.0000268428,"35":0.0000236704,"36":0.0000254064,"37":0.0000243009,"38":0.0000252184},"val_loss":{"0":0.0003842485,"1":0.0002353907,"2":0.0002854076,"3":0.0000926113,"4":0.0001546203,"5":0.0000871236,"6":0.000075171,"7":0.0001140715,"8":0.0000479849,"9":0.000056759,"10":0.0001307439,"11":0.0000660618,"12":0.0000520727,"13":0.000031859,"14":0.0000213119,"15":0.000020511,"16":0.00002001,"17":0.0000212375,"18":0.000027569,"19":0.0000165851,"20":0.000017592,"21":0.0000284224,"22":0.0000500455,"23":0.0000311297,"24":0.0000315934,"25":0.0000297449,"26":0.0000336417,"27":0.0000178102,"28":0.0000190925,"29":0.0000161377,"30":0.0000268051,"31":0.0000149585,"32":0.0000452154,"33":0.0000208455,"34":0.0000614982,"35":0.0000327293,"36":0.0000274234,"37":0.0000211307,"38":0.0000253599},"val_mean_squared_error":{"0":0.0003842485,"1":0.0002353907,"2":0.0002854076,"3":0.0000926113,"4":0.0001546203,"5":0.0000871236,"6":0.000075171,"7":0.0001140715,"8":0.0000479849,"9":0.000056759,"10":0.0001307439,"11":0.0000660618,"12":0.0000520727,"13":0.000031859,"14":0.0000213119,"15":0.000020511,"16":0.00002001,"17":0.0000212375,"18":0.000027569,"19":0.0000165851,"20":0.000017592,"21":0.0000284224,"22":0.0000500455,"23":0.0000311297,"24":0.0000315934,"25":0.0000297449,"26":0.0000336417,"27":0.0000178102,"28":0.0000190925,"29":0.0000161377,"30":0.0000268051,"31":0.0000149585,"32":0.0000452154,"33":0.0000208455,"34":0.0000614982,"35":0.0000327293,"36":0.0000274234,"37":0.0000211307,"38":0.0000253599}}