{"loss":{"0":0.0000469398,"1":0.0000408488,"2":0.0000405753,"3":0.0000375,"4":0.0000364454,"5":0.0000372047,"6":0.0000303519,"7":0.0000325102,"8":0.0000315532,"9":0.0000313383,"10":0.0000296154,"11":0.0000284444,"12":0.0000285925,"13":0.0000286732,"14":0.0000264492,"15":0.0000289217,"16":0.0000268391,"17":0.0000305502,"18":0.0000238009,"19":0.0000258646,"20":0.0000245325,"21":0.0000261466,"22":0.0000237485,"23":0.0000241638,"24":0.0000241258,"25":0.0000214899,"26":0.0000231952,"27":0.0000220261,"28":0.0000227804,"29":0.0000239933,"30":0.0000217426,"31":0.0000217961,"32":0.0000209752,"33":0.0000251208,"34":0.0000220746},"mean_squared_error":{"0":0.0000469398,"1":0.0000408488,"2":0.0000405753,"3":0.0000375,"4":0.0000364454,"5":0.0000372047,"6":0.0000303519,"7":0.0000325102,"8":0.0000315532,"9":0.0000313383,"10":0.0000296154,"11":0.0000284444,"12":0.0000285925,"13":0.0000286732,"14":0.0000264492,"15":0.0000289217,"16":0.0000268391,"17":0.0000305502,"18":0.0000238009,"19":0.0000258646,"20":0.0000245325,"21":0.0000261466,"22":0.0000237485,"23":0.0000241638,"24":0.0000241258,"25":0.0000214899,"26":0.0000231952,"27":0.0000220261,"28":0.0000227804,"29":0.0000239933,"30":0.0000217426,"31":0.0000217961,"32":0.0000209752,"33":0.0000251208,"34":0.0000220746},"val_loss":{"0":0.0000314584,"1":0.0001021887,"2":0.000038637,"3":0.0000211499,"4":0.0000166597,"5":0.0000341972,"6":0.0000451819,"7":0.0000277486,"8":0.0000669443,"9":0.0000212285,"10":0.0000233016,"11":0.0000189946,"12":0.0000284268,"13":0.0000254768,"14":0.000016245,"15":0.0000690064,"16":0.0000246834,"17":0.0000264642,"18":0.0000133944,"19":0.0000407526,"20":0.0000135623,"21":0.0000342384,"22":0.0000209059,"23":0.0000190688,"24":0.0000152608,"25":0.0000341254,"26":0.0000438329,"27":0.0000194607,"28":0.0000176683,"29":0.0000223473,"30":0.0000128513,"31":0.0000128825,"32":0.0000115657,"33":0.0000233996,"34":0.0000534046},"val_mean_squared_error":{"0":0.0000314584,"1":0.0001021887,"2":0.000038637,"3":0.0000211499,"4":0.0000166597,"5":0.0000341972,"6":0.0000451819,"7":0.0000277486,"8":0.0000669443,"9":0.0000212285,"10":0.0000233016,"11":0.0000189946,"12":0.0000284268,"13":0.0000254768,"14":0.000016245,"15":0.0000690064,"16":0.0000246834,"17":0.0000264642,"18":0.0000133944,"19":0.0000407526,"20":0.0000135623,"21":0.0000342384,"22":0.0000209059,"23":0.0000190688,"24":0.0000152608,"25":0.0000341254,"26":0.0000438329,"27":0.0000194607,"28":0.0000176683,"29":0.0000223473,"30":0.0000128513,"31":0.0000128825,"32":0.0000115657,"33":0.0000233996,"34":0.0000534046}}