{"loss":{"0":0.002041979,"1":0.0004605142,"2":0.0002686513,"3":0.0001894178,"4":0.0001542068,"5":0.0001114887,"6":0.0001015098,"7":0.0000845394,"8":0.0000771392,"9":0.0000674373,"10":0.000064694,"11":0.0000613811,"12":0.0000541069,"13":0.000051133,"14":0.0000534225,"15":0.0000468754,"16":0.0000446026,"17":0.0000421478,"18":0.0000440911,"19":0.000041323,"20":0.0000366262,"21":0.0000371591,"22":0.0000374291,"23":0.0000389277,"24":0.0000356659,"25":0.0000414285,"26":0.0000381533,"27":0.0000358973,"28":0.0000360624,"29":0.0000343454,"30":0.0000333932,"31":0.0000340309,"32":0.0000363393,"33":0.0000347918,"34":0.0000324532,"35":0.0000330015,"36":0.0000314801,"37":0.000030111,"38":0.000032053,"39":0.0000307722,"40":0.0000302973,"41":0.0000297247,"42":0.0000296365,"43":0.0000283886,"44":0.0000322744,"45":0.0000306364,"46":0.0000300063,"47":0.0000301941},"mean_squared_error":{"0":0.002041979,"1":0.0004605142,"2":0.0002686513,"3":0.0001894178,"4":0.0001542068,"5":0.0001114887,"6":0.0001015098,"7":0.0000845394,"8":0.0000771392,"9":0.0000674373,"10":0.000064694,"11":0.0000613811,"12":0.0000541069,"13":0.000051133,"14":0.0000534225,"15":0.0000468754,"16":0.0000446026,"17":0.0000421478,"18":0.0000440911,"19":0.000041323,"20":0.0000366262,"21":0.0000371591,"22":0.0000374291,"23":0.0000389277,"24":0.0000356659,"25":0.0000414285,"26":0.0000381533,"27":0.0000358973,"28":0.0000360624,"29":0.0000343454,"30":0.0000333932,"31":0.0000340309,"32":0.0000363393,"33":0.0000347918,"34":0.0000324532,"35":0.0000330015,"36":0.0000314801,"37":0.000030111,"38":0.000032053,"39":0.0000307722,"40":0.0000302973,"41":0.0000297247,"42":0.0000296365,"43":0.0000283886,"44":0.0000322744,"45":0.0000306364,"46":0.0000300063,"47":0.0000301941},"val_loss":{"0":0.0009780646,"1":0.0004128169,"2":0.0005254607,"3":0.0001343562,"4":0.0001277233,"5":0.0002250853,"6":0.0001733598,"7":0.0000538957,"8":0.0000439569,"9":0.0000554723,"10":0.000043331,"11":0.0000796617,"12":0.0000342765,"13":0.0000346604,"14":0.0000804249,"15":0.0000308172,"16":0.0000241075,"17":0.0000270481,"18":0.0000629023,"19":0.0000333611,"20":0.0000377444,"21":0.0000251192,"22":0.0000313575,"23":0.0000747639,"24":0.0000236283,"25":0.0000521408,"26":0.0000393421,"27":0.0000203879,"28":0.0000504406,"29":0.0000311874,"30":0.000019585,"31":0.0000503198,"32":0.0000422255,"33":0.0000212031,"34":0.0000372403,"35":0.000022159,"36":0.0000439349,"37":0.0000204837,"38":0.0000195701,"39":0.0000202751,"40":0.000029128,"41":0.0000269752,"42":0.0000213489,"43":0.0000355601,"44":0.0000265856,"45":0.0000186149,"46":0.0000195904,"47":0.0000324104},"val_mean_squared_error":{"0":0.0009780646,"1":0.0004128169,"2":0.0005254607,"3":0.0001343562,"4":0.0001277233,"5":0.0002250853,"6":0.0001733598,"7":0.0000538957,"8":0.0000439569,"9":0.0000554723,"10":0.000043331,"11":0.0000796617,"12":0.0000342765,"13":0.0000346604,"14":0.0000804249,"15":0.0000308172,"16":0.0000241075,"17":0.0000270481,"18":0.0000629023,"19":0.0000333611,"20":0.0000377444,"21":0.0000251192,"22":0.0000313575,"23":0.0000747639,"24":0.0000236283,"25":0.0000521408,"26":0.0000393421,"27":0.0000203879,"28":0.0000504406,"29":0.0000311874,"30":0.000019585,"31":0.0000503198,"32":0.0000422255,"33":0.0000212031,"34":0.0000372403,"35":0.000022159,"36":0.0000439349,"37":0.0000204837,"38":0.0000195701,"39":0.0000202751,"40":0.000029128,"41":0.0000269752,"42":0.0000213489,"43":0.0000355601,"44":0.0000265856,"45":0.0000186149,"46":0.0000195904,"47":0.0000324104}}