{"loss":{"0":0.0015740144,"1":0.0000623884,"2":0.0000324542,"3":0.0000218906,"4":0.0000185204,"5":0.0000150985,"6":0.0000145967,"7":0.0000129756,"8":0.0000122431,"9":0.0000101726,"10":0.000011162,"11":0.0000100662,"12":0.0000087143,"13":0.0000095404,"14":0.0000096033,"15":0.0000073301,"16":0.0000076239,"17":0.0000090036,"18":0.0000083279,"19":0.0000089712,"20":0.0000072112,"21":0.0000075997,"22":0.0000094835,"23":0.000008101,"24":0.0000067601,"25":0.0000074993,"26":0.0000068123,"27":0.0000079178,"28":0.0000072591,"29":0.0000072016,"30":0.0000062483,"31":0.0000082098,"32":0.0000060003,"33":0.0000070615,"34":0.0000063512,"35":0.0000063602,"36":0.0000056073,"37":0.0000058286,"38":0.0000076375,"39":0.0000059384,"40":0.0000069928,"41":0.0000055013,"42":0.0000062776,"43":0.0000051394,"44":0.0000056406},"mean_squared_error":{"0":0.0015740144,"1":0.0000623884,"2":0.0000324542,"3":0.0000218906,"4":0.0000185204,"5":0.0000150985,"6":0.0000145967,"7":0.0000129756,"8":0.0000122431,"9":0.0000101726,"10":0.000011162,"11":0.0000100662,"12":0.0000087143,"13":0.0000095404,"14":0.0000096033,"15":0.0000073301,"16":0.0000076239,"17":0.0000090036,"18":0.0000083279,"19":0.0000089712,"20":0.0000072112,"21":0.0000075997,"22":0.0000094835,"23":0.000008101,"24":0.0000067601,"25":0.0000074993,"26":0.0000068123,"27":0.0000079178,"28":0.0000072591,"29":0.0000072016,"30":0.0000062483,"31":0.0000082098,"32":0.0000060003,"33":0.0000070615,"34":0.0000063512,"35":0.0000063602,"36":0.0000056073,"37":0.0000058286,"38":0.0000076375,"39":0.0000059384,"40":0.0000069928,"41":0.0000055013,"42":0.0000062776,"43":0.0000051394,"44":0.0000056406},"val_loss":{"0":0.0001274991,"1":0.0000436012,"2":0.0000217045,"3":0.0000161424,"4":0.0000157993,"5":0.0000086555,"6":0.0000062394,"7":0.0000057994,"8":0.000004773,"9":0.0000042494,"10":0.000006461,"11":0.0000048839,"12":0.0000054709,"13":0.0000073433,"14":0.0000091028,"15":0.0000058926,"16":0.0000025279,"17":0.0000042963,"18":0.0000049047,"19":0.0000045475,"20":0.0000100287,"21":0.0000051173,"22":0.0000021035,"23":0.0000151147,"24":0.000016535,"25":0.0000039038,"26":0.0000031388,"27":0.0000029359,"28":0.0000034245,"29":0.0000021121,"30":0.0000178871,"31":0.0000052832,"32":0.0000024997,"33":0.000010899,"34":0.0000093363,"35":0.0000014513,"36":0.0000027049,"37":0.0000091528,"38":0.0000024725,"39":0.0000015405,"40":0.0000088902,"41":0.0000034562,"42":0.000001949,"43":0.0000029829,"44":0.0000046058},"val_mean_squared_error":{"0":0.0001274991,"1":0.0000436012,"2":0.0000217045,"3":0.0000161424,"4":0.0000157993,"5":0.0000086555,"6":0.0000062394,"7":0.0000057994,"8":0.000004773,"9":0.0000042494,"10":0.000006461,"11":0.0000048839,"12":0.0000054709,"13":0.0000073433,"14":0.0000091028,"15":0.0000058926,"16":0.0000025279,"17":0.0000042963,"18":0.0000049047,"19":0.0000045475,"20":0.0000100287,"21":0.0000051173,"22":0.0000021035,"23":0.0000151147,"24":0.000016535,"25":0.0000039038,"26":0.0000031388,"27":0.0000029359,"28":0.0000034245,"29":0.0000021121,"30":0.0000178871,"31":0.0000052832,"32":0.0000024997,"33":0.000010899,"34":0.0000093363,"35":0.0000014513,"36":0.0000027049,"37":0.0000091528,"38":0.0000024725,"39":0.0000015405,"40":0.0000088902,"41":0.0000034562,"42":0.000001949,"43":0.0000029829,"44":0.0000046058}}