{"loss":{"0":0.002175563,"1":0.0001000595,"2":0.0000365194,"3":0.0000220611,"4":0.0000161698,"5":0.000012248,"6":0.0000119088,"7":0.0000101738,"8":0.0000092615,"9":0.0000100869,"10":0.0000083701,"11":0.0000075032,"12":0.0000079805,"13":0.0000081021,"14":0.0000076929,"15":0.0000089393,"16":0.0000074192,"17":0.0000073703,"18":0.0000067957,"19":0.0000070243,"20":0.0000059849,"21":0.0000064288,"22":0.0000060666,"23":0.0000059787,"24":0.0000055935,"25":0.0000062936,"26":0.0000053789,"27":0.0000056825,"28":0.0000057081,"29":0.0000053657,"30":0.0000065277,"31":0.0000056808,"32":0.0000050563,"33":0.0000052577,"34":0.0000050705,"35":0.0000052059,"36":0.0000052495},"mean_squared_error":{"0":0.002175563,"1":0.0001000595,"2":0.0000365194,"3":0.0000220611,"4":0.0000161698,"5":0.000012248,"6":0.0000119088,"7":0.0000101738,"8":0.0000092615,"9":0.0000100869,"10":0.0000083701,"11":0.0000075032,"12":0.0000079805,"13":0.0000081021,"14":0.0000076929,"15":0.0000089393,"16":0.0000074192,"17":0.0000073703,"18":0.0000067957,"19":0.0000070243,"20":0.0000059849,"21":0.0000064288,"22":0.0000060666,"23":0.0000059787,"24":0.0000055935,"25":0.0000062936,"26":0.0000053789,"27":0.0000056825,"28":0.0000057081,"29":0.0000053657,"30":0.0000065277,"31":0.0000056808,"32":0.0000050563,"33":0.0000052577,"34":0.0000050705,"35":0.0000052059,"36":0.0000052495},"val_loss":{"0":0.0002046194,"1":0.0000569666,"2":0.0000507105,"3":0.000022216,"4":0.0000101104,"5":0.0000195744,"6":0.0000073604,"7":0.0000056844,"8":0.0000115974,"9":0.0000069697,"10":0.0000028919,"11":0.0000055222,"12":0.000005894,"13":0.0000023824,"14":0.0000079493,"15":0.0000025626,"16":0.0000046064,"17":0.0000055145,"18":0.0000060233,"19":0.0000058779,"20":0.0000496914,"21":0.0000030153,"22":0.0000137297,"23":0.000003513,"24":0.0000097725,"25":0.0000181145,"26":0.0000024734,"27":0.0000047951,"28":0.0000032582,"29":0.0000020883,"30":0.0000019572,"31":0.0000024379,"32":0.0000026661,"33":0.0000012792,"34":0.0000148963,"35":0.0000035897,"36":0.0000040551},"val_mean_squared_error":{"0":0.0002046194,"1":0.0000569666,"2":0.0000507105,"3":0.000022216,"4":0.0000101104,"5":0.0000195744,"6":0.0000073604,"7":0.0000056844,"8":0.0000115974,"9":0.0000069697,"10":0.0000028919,"11":0.0000055222,"12":0.000005894,"13":0.0000023824,"14":0.0000079493,"15":0.0000025626,"16":0.0000046064,"17":0.0000055145,"18":0.0000060233,"19":0.0000058779,"20":0.0000496914,"21":0.0000030153,"22":0.0000137297,"23":0.000003513,"24":0.0000097725,"25":0.0000181145,"26":0.0000024734,"27":0.0000047951,"28":0.0000032582,"29":0.0000020883,"30":0.0000019572,"31":0.0000024379,"32":0.0000026661,"33":0.0000012792,"34":0.0000148963,"35":0.0000035897,"36":0.0000040551}}